Time,ccAnacapaREL,ccBajaCalif,ccChannelABSOLUTE,ccSanMiguelREL,ccSantaCruzREL,ccSantaRosaREL,con,disaster,ElNinoEventThisYear,ElNinoModelMemoryEventLastYear,ElNinoProbability,FINAL TIME,"flow2-1","flow2-3","flow2-4","flow2-5","flow3-1","flow3-2","flow3-4","flow3-5","flow4-1","flow4-2","flow4-3","flow4-5","flow5-1","flow5-2","flow5-3","flow5-4",flowAlaska,flowChannelBypass,flowChannelIslands,flowHawaii,INITIAL TIME,LaNinaEventThisYear,LaNinaModelMemoryEventLastYear,LaNinaProbability,LogicalAndElNinoThisYearAndLastYear,LogicalAndLaNinaThisYearAndLastYear,"migrationBypass%",mixer2,mixer3,mixer4,mixer5,pop2Anacapa,pop3SantaCruz,pop4SantaRosa,pop5SanMiguel,popAlaska,popBajaCalif,SAVEPER,TIME STEP
0,100,5000,500,100,150,150,1,0,0,0,0.108,100,0,0,0,0,0,0,0,0,0,0,0,0,0,0,0,0,4831,4987.13,12.8677,0,0,0,0,0.083,0,0,0.997426,0.1,0.1,0.1,0.3,100,150,150,100,5000,4831,1,1
1,100,5000,500,100,150,150,1,0,0,0,,,0,0,0,0,0,0,0,0,0,0,0,0,12.8678,2.84981,3.00246,1.20177,4987.13,4772.08,227.92,0,,0,0,,0,0,0.954416,,,,,100,150,150,112.868,5000,4987.13,1,
2,100,5000,500,100,150,150,1,0,0,0,,,2.84982,0.994452,0.0172696,0.323551,3.00246,0.585077,1.1575,0.746925,1.20177,0.688618,1.25429,0.48263,220.866,5.31926,6.54789,1.7166,4784.95,4724.69,275.31,0,,0,0,,0,0,0.944938,,,,,102.85,153.002,151.202,320.866,5000,4784.95,1,
3,125,6250,625,125,187.5,187.5,1.25,0,0,0,,,0,0,0,0,0,0,0,0,0,0,0,0,238.28,7.17424,1.65176,4.60679,4952.61,4870.93,129.072,0,,1,0,,0,1,0.974186,,,,,105.258,156.307,150.466,363.28,5000,4952.61,1,
4,125,6250,625,125,187.5,187.5,1.25,0,0,0,,,0,0,0,0,0,0,0,0,0,0,0,0,115.64,7.21413,6.2482,4.83646,5109.21,4514.23,485.767,0,,0,1,,0,1,0.902847,,,,,112.432,157.959,155.073,240.64,5000,5109.21,1,
5,100,5000,500,100,150,150,1,0,0,0,,,19.6461,0.815311,0.325558,0.586885,14.2071,0.456132,0.986801,0.489791,9.90907,0.494513,0.641931,0.896932,492.468,4.83112,14.581,10.0289,4629.87,4539.35,460.652,0,,0,0,,0,0,0.90787,,,,,119.646,164.207,159.909,592.468,5000,4629.87,1,
6,100,5000,500,100,150,150,1,0,0,0,,,4.05401,0.571696,0.785669,0.543333,14.1055,0.712623,1.63766,0.141485,9.30794,0.850676,1.29791,0.136549,433.185,7.34176,1.69223,1.25614,5075.58,4601.71,398.29,75.5781,,0,0,,0,0,0.920342,,,,,104.054,164.106,159.308,533.185,5000,5075.58,1,
7,100,5000,500,100,150,150,1,0,0,0,,,7.00436,0.685467,0.384527,0.469463,1.07007,0.890306,1.24906,1.12571,1.39433,0.346097,1.45847,0.328951,388.821,9.3552,10.3455,11.6098,4986.78,4770.92,229.082,0,,0,0,,0,0,0.954184,,,,,107.004,151.07,151.394,488.821,5000,4986.78,1,
8,100,5000,500,100,150,150,1,0,0,0,,,9.05214,0.966898,0.82308,0.320137,9.22435,0.0935793,0.327741,1.45843,11.1099,0.16311,0.21271,0.829798,199.695,5.60162,1.09268,8.41927,5169.21,4707.77,292.229,169.208,,0,0,,0,0,0.941554,,,,,109.052,159.224,161.11,299.695,5000,5169.21,1,
9,100,5000,500,100,150,150,1,0,0,0,,,3.74819,0.423438,0.644383,0.978239,0.392548,1.49822,0.701091,0.0231938,8.36447,1.44363,1.02806,1.41103,279.724,5.67465,10.2103,5.83816,4767.64,4530.59,469.409,0,,0,0,,0,0,0.906118,,,,,103.748,150.393,158.364,379.724,5000,4767.64,1,
10,100,5000,500,100,150,150,1,0,0,0,,,6.57044,0.537847,0.603569,1.00598,9.43929,0.27883,0.88722,0.893153,3.3009,0.503247,0.522725,0.859355,450.098,11.583,8.14662,4.93106,4822.82,4641.34,358.657,0,,0,0,,0,0,0.928269,,,,,106.57,159.439,153.301,550.098,5000,4822.82,1,
11,100,5000,500,100,150,150,1,0,0,0,,,10.2177,0.436163,0.0201363,0.689202,7.14799,0.14165,0.727498,0.266978,4.53651,0.868742,1.07097,1.08305,336.754,6.52596,1.05031,3.40067,5110.75,4948.48,51.5175,110.752,,0,0,,0,0,0.989697,,,,,110.218,157.148,154.537,436.754,5000,5110.75,1,
12,100,5000,500,100,150,150,1,0,0,0,,,6.39085,0.106126,0.929433,0.702006,1.42131,0.045796,0.402391,0.178064,1.12555,1.48102,0.386721,1.39017,42.5798,0.463901,2.7432,2.31946,5196.39,4754.18,245.819,196.387,,0,0,,0,0,0.950836,,,,,106.391,151.421,151.126,142.58,5000,5196.39,1,
13,100,5000,500,100,150,150,1,0,0,0,,,0.253159,0.755393,0.0183163,0.897074,2.6098,0.493304,0.276336,0.735341,0.393356,1.33833,1.25709,0.331031,242.563,9.04999,10.241,0.790927,4609.31,4551.89,448.107,0,,0,0,,0,0,0.910379,,,,,100.253,152.61,150.393,342.563,5000,4609.31,1,
14,100,5000,500,100,150,150,1,0,0,0,,,9.21085,0.708525,0.215053,0.188161,10.7485,0.419149,1.52065,1.10376,0,0,0,0,429.989,10.605,9.00962,3.24659,4797.71,4528.03,471.97,0,,0,0,,0,0,0.905606,,,,,109.211,160.749,148.159,529.989,5000,4797.71,1,
15,125,6250,625,125,187.5,187.5,1.25,0,0,0,,,0,0,0,0,0,0,0,0,0,0,0,0,425.401,5.26261,1.0043,10.7645,4977.98,4558.3,441.701,0,,1,0,,0,1,0.91166,,,,,109.912,156.675,153.141,550.401,5000,4977.98,1,
16,125,6250,625,125,187.5,187.5,1.25,0,0,0,,,0,0,0,0,0,0,0,0,0,0,0,0,424.669,5.7476,8.90226,5.0978,4983.7,4915.8,84.1975,0,,0,1,,0,1,0.98316,,,,,115.175,157.679,163.906,549.669,5000,4983.7,1,
17,100,5000,500,100,150,150,1,0,0,0,,,20.9226,0.923991,1.10976,0.999436,16.5811,0.525542,1.37391,0.0288591,19.0038,0.0624009,1.25193,1.04423,89.4499,4.99212,0.631153,0.190235,5340.47,4723.65,276.347,340.471,,0,0,,0,0,0.944731,,,,,120.923,166.581,169.004,189.45,5000,5340.47,1,
18,100,5000,500,100,150,150,1,0,0,0,,,2.54688,0.879051,0.220718,0.957749,0.878754,0.27789,0.915,0.882819,0.315338,1.2297,0.0576614,0.796521,272.606,6.40554,2.89603,1.1858,4529.14,4551.51,448.488,0,,0,0,,0,0,0.910302,,,,,102.547,150.879,150.315,372.606,5000,4529.14,1,
19,100,5000,500,100,150,150,1,0,0,0,,,5.85561,0.884439,0.506323,0.75401,1.75703,0.270049,1.24931,0.139161,0.237625,0.0952339,0.733418,0.194781,440.638,5.05071,3.4919,0.111421,4827.86,4697.11,302.887,0,,0,0,,0,0,0.939423,,,,,105.856,151.757,150.238,540.638,5000,4827.86,1,
20,100,5000,500,100,150,150,1,0,0,0,,,3.27122,0.961514,0.0623161,0.924031,3.45123,1.1823,0.725436,0.591423,0.843628,0.884658,0.566561,1.01876,295.321,4.01824,5.69383,3.58006,5145.6,4554.3,445.7,145.601,,0,0,,0,0,0.91086,,,,,103.271,153.451,150.844,395.321,5000,5145.6,1,
21,100,5000,500,100,150,150,1,0,0,0,,,4.13734,0.647598,0.273561,0.312265,4.72275,0.36712,1.54329,0.933638,1.89784,0.556149,1.38689,0.155859,434.942,8.93663,1.24257,8.45052,4711.59,4767.74,232.257,0,,0,0,,0,0,0.953549,,,,,104.137,154.723,151.898,534.942,5000,4711.59,1,
22,100,5000,500,100,150,150,1,0,0,0,,,8.62648,0.0381494,0.950979,0.447319,0.433014,0.696384,0.966391,0.440905,8.16847,0.0536724,0.776637,0.952226,215.029,0.766778,0.206754,4.03822,5213.44,4591.15,408.846,213.443,,0,0,,0,0,0.918231,,,,,108.626,150.433,158.168,315.029,5000,5213.44,1,
23,100,5000,500,100,150,150,1,0,0,0,,,0.0803833,0.484383,0.782432,0.448006,0,0,0,0,4.17305,1.03299,0.666685,0.0151283,405.675,8.09834,6.00137,13.9829,4609.97,4838.18,161.823,0,,0,0,,0,0,0.967635,,,,,100.08,148.918,154.173,505.675,5000,4609.97,1,
24,125,6250,625,125,187.5,187.5,1.25,0,0,0,,,0,0,0,0,0,0,0,0,0,0,0,0,109.204,1.66565,0.163958,0.586034,5248.11,4858.88,141.125,0,,1,0,,0,1,0.971775,,,,,107.417,156.07,163.051,234.204,5000,5248.11,1,
25,50,2500,250,50,75,75,0.5,0.5,1,0,,,59.0822,0.0525724,0.503966,0.156214,81.2343,0.853469,0.558771,1.47042,88.6366,1.40032,0.836882,1.21533,213.709,6.12702,7.06243,1.07721,4968.08,4582.32,417.68,2468.08,,0,1,,1,1,0.916464,,,,,109.082,156.234,163.637,263.709,5000,4968.08,1,
26,150,7500,750,150,225,225,1.5,0,0,1,,,0,0,0,0,0,0,0,0,0,0,0,0,306.255,5.0312,7.76413,11.2774,2556.9,4966.83,33.1691,0,,0,0,,1,0,0.993366,,,,,57.6681,80.0692,73.6874,456.255,5000,2556.9,1,
27,100,5000,500,100,150,150,1,0,0,0,,,0,0,0,0,0,0,0,0,0,0,0,0,59.0964,4.72466,0.419215,2.34807,5273.09,4562.25,437.745,273.086,,0,0,,0,0,0.912451,,,,,62.6993,87.8334,84.9648,159.096,5000,5273.09,1,
28,150,7500,750,150,225,225,1.5,0,1,0,,,0,0,0,0,0,0,0,0,0,0,0,0,380.253,0.445921,10.3809,8.75487,4348.26,4670.31,329.685,0,,0,0,,1,0,0.934063,,,,,67.4239,88.2526,87.3129,530.253,5000,4348.26,1,
29,150,7500,750,150,225,225,1.5,0,0,1,,,0,0,0,0,0,0,0,0,0,0,0,0,310.104,2.18542,9.20235,12.1576,5050.57,4514.36,485.639,0,,0,0,,1,0,0.902872,,,,,67.8698,98.6335,96.0677,460.104,5000,5050.57,1,
30,125,6250,625,125,187.5,187.5,1.25,0,0,0,,,0,0,0,0,0,0,0,0,0,0,0,0,487.094,4.2033,1.10582,15.593,4824.46,4881.98,118.022,0,,1,0,,0,1,0.976396,,,,,70.0553,107.836,108.225,612.094,5000,4824.46,1,
31,125,6250,625,125,187.5,187.5,1.25,0,0,0,,,0,0,0,0,0,0,0,0,0,0,0,0,97.1198,0.415931,3.38086,3.38044,5369.07,4548.21,451.794,0,,0,1,,0,1,0.909641,,,,,74.2586,108.942,123.818,222.12,5000,5369.07,1,
32,150,7500,750,150,225,225,1.5,0,1,0,,,0,0,0,0,0,0,0,0,0,0,0,0,419.617,8.97987,4.68122,10.9552,4645.33,4705.31,294.692,0,,0,0,,1,0,0.941062,,,,,74.6745,112.323,127.199,569.617,5000,4645.33,1,
33,150,7500,750,150,225,225,1.5,0,0,1,,,0,0,0,0,0,0,0,0,0,0,0,0,270.075,10.4431,11.941,10.6072,5124.93,4752.63,247.374,0,,0,0,,1,0,0.950525,,,,,83.6544,117.004,138.154,420.075,5000,5124.93,1,
34,100,5000,500,100,150,150,1,0,0,0,,,0,0,0,0,0,0,0,0,0,0,0,0,264.383,7.41161,6.17505,8.03325,5022.7,4797.89,202.111,22.7012,,0,0,,0,0,0.959578,,,,,94.0975,128.945,148.761,364.383,5000,5022.7,1,
35,100,5000,500,100,150,150,1,0,0,0,,,1.50909,0.809798,0.0668869,0.759415,0,0,0,0,6.79448,1.46169,0.338105,1.07712,180.491,6.35543,2.98548,7.37677,5039.57,4845.62,154.383,39.5703,,0,0,,0,0,0.969123,,,,,101.509,135.12,156.794,280.491,5000,5039.57,1,
36,150,7500,750,150,225,225,1.5,0,1,0,,,0,0,0,0,0,0,0,0,0,0,0,0,89.5023,3.85536,5.40722,1.42653,4994.84,4897.36,102.643,0,,0,0,,1,0,0.979471,,,,,106.181,139.253,154.567,239.502,5000,4994.84,1,
37,150,7500,750,150,225,225,1.5,0,0,1,,,0,0,0,0,0,0,0,0,0,0,0,0,91.9537,5.41826,1.72277,2.45299,4986.86,4523.25,476.753,0,,0,0,,1,0,0.904649,,,,,110.036,144.66,155.993,241.954,5000,4986.86,1,
38,125,6250,625,125,187.5,187.5,1.25,0,0,0,,,0,0,0,0,0,0,0,0,0,0,0,0,492.159,14.6245,8.16082,16.2056,4615.2,4846.39,153.612,0,,1,0,,0,1,0.969278,,,,,115.455,146.383,158.446,617.159,5000,4615.2,1,
39,125,6250,625,125,187.5,187.5,1.25,0,0,0,,,5.07915,0.759236,1.24906,0.391567,0,0,0,0,0,0,0,0,114.621,6.47177,2.75097,0.214105,5338.55,4863.59,136.407,0,,0,1,,0,1,0.972719,,,,,130.079,154.544,174.652,239.621,5000,5338.55,1,
40,100,5000,500,100,150,150,1,0,0,0,,,29.0719,0.212817,0.796076,0.626527,8.05415,1.00338,0.942175,0.622713,26.115,1.49275,1.28656,0.478493,152.362,2.15628,4.04132,3.48151,4983.29,4528.46,471.536,0,,0,0,,0,0,0.905693,,,,,129.072,158.054,176.115,252.362,5000,4983.29,1,
41,100,5000,500,100,150,150,1,0,0,0,,,3.01699,0.0581644,0.77696,0.381575,2.97243,1.28094,0.921302,0.630737,1.96198,0.700524,0.859517,0.564445,463.585,13.3918,10.8768,13.9803,4744.07,4930.55,69.454,0,,0,0,,0,0,0.986109,,,,,103.017,152.972,151.962,563.585,5000,4744.07,1,
42,100,5000,500,100,150,150,1,0,0,0,,,14.1565,0.741626,0.617194,1.03762,8.96155,1.28626,1.47135,1.09275,13.5541,1.08897,0.249648,1.24365,32.7818,2.35778,1.18247,1.25867,5402.08,4550.61,449.391,402.082,,0,0,,0,0,0.910122,,,,,114.157,158.962,163.554,132.782,5000,5402.08,1,
43,100,5000,500,100,150,150,1,0,0,0,,,2.33657,0.807099,0.45239,0.190455,0,0,0,0,0.764954,1.39286,1.35557,0.164744,447.966,3.93707,4.76921,14.5345,4217.98,4673.43,326.567,0,,0,0,,0,0,0.934687,,,,,102.337,148.323,150.765,547.966,5000,4217.98,1,
44,100,5000,500,100,150,150,1,0,0,0,,,3.87999,0.420009,0.361899,0.801997,5.25526,0.661441,1.13371,0.254287,12.0737,1.14675,1.22287,0.447341,303.681,9.77775,0.168557,3.22902,5124.5,4704.66,295.344,124.501,,0,0,,0,0,0.940931,,,,,103.88,155.255,162.074,403.681,5000,5124.5,1,
45,100,5000,500,100,150,150,1,0,0,0,,,10.002,0.685658,0.393154,0.859116,0,0,0,0,1.90767,0.434681,1.28157,0.96986,283.673,7.42905,10.7703,3.83091,4905.04,4802.37,197.633,0,,0,0,,0,0,0.960473,,,,,110.002,149.762,151.908,383.673,5000,4905.04,1,
46,100,5000,500,100,150,150,1,0,0,0,,,5.9258,1.02631,0.247717,0.915927,12.4995,0.579907,0.939407,0.714662,1.53795,1.2324,0.44761,0.142509,177.431,7.86215,0.933403,0.177952,5097.95,4719.87,280.126,97.9497,,0,0,,0,0,0.943975,,,,,105.926,162.5,151.538,277.431,5000,5097.95,1,
47,100,5000,500,100,150,150,1,0,0,0,,,7.4845,0.057859,0.246892,1.0734,0.17334,0.195045,0.588131,0.0719253,0,0,0,0,272.925,4.74749,5.77695,8.03926,4819.32,4562.22,437.782,0,,0,0,,0,0,0.912444,,,,,107.485,150.173,149.543,372.925,5000,4819.32,1,
48,150,7500,750,150,225,225,1.5,0,1,0,,,0,0,0,0,0,0,0,0,0,0,0,0,370.363,12.3772,8.38777,11.0147,4842.8,4840.72,159.285,0,,0,0,,1,0,0.968143,,,,,103.564,154.98,158.417,520.363,5000,4842.8,1,
49,150,7500,750,150,225,225,1.5,0,0,1,,,0,0,0,0,0,0,0,0,0,0,0,0,127.505,4.0947,1.86491,1.56195,5211.08,4728.13,271.867,0,,0,0,,1,0,0.945627,,,,,115.942,163.367,169.431,277.505,5000,5211.08,1,
50,100,5000,500,100,150,150,1,0,0,0,,,20.0362,0.662149,0.905065,0.629985,15.2324,1.54276,0.298929,0.464394,20.9934,0.586549,0.272561,0.970436,314.345,2.45241,4.7503,12.0667,4855.64,4513.16,486.842,0,,0,0,,0,0,0.902632,,,,,120.036,165.232,170.993,414.345,5000,4855.64,1,
51,100,5000,500,100,150,150,1,0,0,0,,,2.38451,0.919559,0.66548,0.506837,3.37892,1.01625,0.308284,1.51332,11.4411,0.571475,0.777471,0.14376,469.638,16.6726,8.5201,6.37662,4883.76,4828.63,171.371,0,,0,0,,0,0,0.965726,,,,,102.385,153.379,161.441,569.638,5000,4883.76,1,
52,150,7500,750,150,225,225,1.5,0,1,0,,,0,0,0,0,0,0,0,0,0,0,0,0,91.9651,5.02235,6.51366,3.94808,5315.47,4812.33,187.669,0,,0,0,,1,0,0.962466,,,,,116.168,157.379,155.858,241.965,5000,5315.47,1,
53,150,7500,750,150,225,225,1.5,0,0,1,,,0,0,0,0,0,0,0,0,0,0,0,0,172.185,0.646704,1.70152,7.16397,4904.3,4806.86,193.141,0,,0,0,,1,0,0.961372,,,,,121.191,163.893,159.806,322.185,5000,4904.3,1,
54,100,5000,500,100,150,150,1,0,0,0,,,21.8375,1.17008,0.836158,0.813488,15.5945,0.364125,1.05335,0.775902,16.9697,1.59706,0.844088,0.160281,233.629,7.33935,5.87389,0.704886,4979.04,4525.63,474.374,0,,0,0,,0,0,0.905125,,,,,121.838,165.594,166.97,333.629,5000,4979.04,1,
55,100,5000,500,100,150,150,1,0,0,0,,,6.4808,0.503414,0.784847,0.967776,5.69467,1.11996,0.882114,1.21847,0,0,0,0,462.206,0.7757,8.77461,13.5921,4813.66,4903.68,96.3193,0,,0,0,,0,0,0.980736,,,,,106.481,155.695,149.993,562.206,5000,4813.66,1,
56,100,5000,500,100,150,150,1,0,0,0,,,0,0,0,0,6.05748,1.52687,0.369837,1.27992,15.252,0.374528,0.24476,1.22914,75.3632,2.45262,0.583695,0.566881,5378.06,4903.18,96.8245,378.062,,0,0,,0,0,0.980635,,,,,99.6396,156.057,165.252,175.363,5000,5378.06,1,
57,100,5000,500,100,150,150,1,0,0,0,,,3.99364,0.51664,0.181659,0.696693,0,0,0,0,0,0,0,0,95.7303,4.50385,4.19038,2.81698,4621.79,4871.21,128.792,0,,0,0,,0,0,0.974242,,,,,103.994,147.652,149.088,195.73,5000,4621.79,1,
58,100,5000,500,100,150,150,1,0,0,0,,,3.10886,0.619634,0.337298,0.302147,2.35884,0.224841,1.16671,0.856532,2.08693,0.0480029,0.789286,0.997846,117.977,3.41803,3.14566,5.88037,4970.93,4565.47,434.53,0,,0,0,,0,0,0.913094,,,,,103.109,152.359,152.087,217.977,5000,4970.93,1,
59,100,5000,500,100,150,150,1,0,0,0,,,2.43179,0.991071,0.451081,0.303678,2.30649,1.05299,1.31644,1.46304,5.54924,0.717234,0.270538,0.571526,424.242,11.4902,7.85618,5.261,4691,4613.91,386.089,0,,0,0,,0,0,0.922782,,,,,102.432,152.306,155.549,524.242,5000,4691,1,
60,150,7500,750,150,225,225,1.5,0,1,0,,,0,0,0,0,0,0,0,0,0,0,0,0,313.819,5.04758,5.14598,3.9955,5048.44,4909.09,90.9135,0,,0,0,,1,0,0.981817,,,,,111.515,155.285,155.469,463.819,5000,5048.44,1,
61,150,7500,750,150,225,225,1.5,0,0,1,,,0,0,0,0,0,0,0,0,0,0,0,0,76.7244,6.68422,5.7295,1.85711,5222.91,4900.95,99.0468,0,,0,0,,1,0,0.980191,,,,,116.562,160.431,159.465,226.724,5000,5222.91,1,
62,100,5000,500,100,150,150,1,0,0,0,,,23.2464,0.496262,0.165582,0.0357489,16.1608,1.20575,1.49876,0.639133,11.3218,0.765091,1.57813,0.974707,134.776,5.57905,4.93671,0.801145,4977.68,4996.21,3.78966,0,,0,0,,0,0,0.999242,,,,,123.246,166.161,161.322,234.776,5000,4977.68,1,
63,100,5000,500,100,150,150,1,0,0,0,,,6.85229,0.693587,0.394361,0.783425,3.66747,1.14249,0.477822,1.52163,0,0,0,0,0,0,0,0,5181.72,4941.1,58.9031,181.715,,0,0,,0,0,0.988219,,,,,106.852,153.667,149.148,94.1223,5000,5181.72,1,
64,100,5000,500,100,150,150,1,0,0,0,,,0,0,0,0,0,0,0,0,0.0197296,1.29336,1.29479,1.04502,55.3305,1.71542,0.655124,3.94633,4769.9,4597.84,402.156,0,,0,0,,0,0,0.919569,,,,,99.2711,147.552,150.02,155.331,5000,4769.9,1,
65,100,5000,500,100,150,150,1,0,0,0,,,2.27989,0.156255,0.816062,0.223223,0,0,0,0,0.313171,0.99203,1.35247,1.30786,396.885,5.9791,8.66379,9.15938,4653.19,4897.53,102.466,0,,0,0,,0,0,0.979507,,,,,102.28,149.502,150.313,496.885,5000,4653.19,1,
66,150,7500,750,150,225,225,1.5,0,1,0,,,0,0,0,0,0,0,0,0,0,0,0,0,30.1952,4.07838,0.698698,3.7774,5297.01,4828.09,171.912,0,,0,0,,1,0,0.965618,,,,,105.776,159.674,156.323,180.195,5000,5297.01,1,
67,150,7500,750,150,225,225,1.5,0,0,1,,,0,0,0,0,0,0,0,0,0,0,0,0,163.358,2.1596,4.53876,8.50975,4858.28,4737.7,262.301,0,,0,0,,1,0,0.94754,,,,,109.854,160.373,160.1,313.358,5000,4858.28,1,
68,150,7500,750,150,225,225,1.5,0,1,0,,,0,0,0,0,0,0,0,0,0,0,0,0,247.093,6.91001,5.12105,8.25765,4901.06,4504.21,495.793,0,,0,0,,1,0,0.900841,,,,,112.014,164.912,168.61,397.093,5000,4901.06,1,
69,150,7500,750,150,225,225,1.5,0,0,1,,,0,0,0,0,0,0,0,0,0,0,0,0,475.504,16.6676,8.6857,8.6308,4751.3,4656.91,343.093,0,,0,0,,1,0,0.931381,,,,,118.924,170.033,176.868,625.504,5000,4751.3,1,
70,100,5000,500,100,150,150,1,0,0,0,,,35.5912,0.601473,0.305581,0.132473,28.7183,1.54126,1.61523,0.357127,35.4987,1.40611,0.577649,0.429721,359.109,9.50036,2.99482,5.60037,5132.41,4860.3,139.697,132.411,,0,0,,0,0,0.972061,,,,,135.591,178.718,185.499,459.109,5000,5132.41,1,
71,100,5000,500,100,150,150,1,0,0,0,,,11.4082,0.613749,0.529654,0.566184,0.660324,0.98473,1.00167,0.0302466,5.1077,0.994891,1.37366,0.946066,122.52,2.79038,5.3751,5.83446,5186.81,4828.19,171.805,186.81,,0,0,,0,0,0.965639,,,,,111.408,150.66,155.108,222.52,5000,5186.81,1,
72,100,5000,500,100,150,150,1,0,0,0,,,3.06041,0.740205,0.871065,0.616988,5.34587,0.774375,0.379366,1.31781,4.05116,0.931951,0.363458,1.15235,159.348,7.32178,7.12694,4.71652,4781.08,4584.5,415.497,0,,0,0,,0,0,0.916901,,,,,103.06,155.346,154.051,259.348,5000,4781.08,1,
73,100,5000,500,100,150,150,1,0,0,0,,,6.79985,0.196039,0.0730164,0.192031,5.75905,0.454724,0.435908,0.139475,3.5192,0.437492,0.488923,1.03086,399.418,5.9709,8.42039,11.2819,4756.31,4920.77,79.2342,0,,0,0,,0,0,0.984153,,,,,106.8,155.759,153.519,499.418,5000,4756.31,1,
74,100,5000,500,100,150,150,1,0,0,0,,,6.40202,1.04337,0.325386,0.173947,8.07524,0.442428,1.55137,1.51509,9.83356,1.30176,0.905607,1.42719,54.9234,0.49476,3.87266,3.00781,5336.26,4727.36,272.638,336.262,,0,0,,0,0,0.945472,,,,,106.402,158.075,159.834,154.923,5000,5336.26,1,
75,150,7500,750,150,225,225,1.5,0,1,0,,,0,0,0,0,0,0,0,0,0,0,0,0,218.379,7.40893,8.86834,9.21926,4470.33,4938.8,61.1976,0,,0,0,,1,0,0.98776,,,,,100.696,152.313,151.25,368.379,5000,4470.33,1,
76,150,7500,750,150,225,225,1.5,0,0,1,,,0,0,0,0,0,0,0,0,0,0,0,0,35.701,0.240836,1.10468,1.06056,5157.18,4987.14,12.8618,0,,0,0,,1,0,0.997428,,,,,108.105,161.181,160.469,185.701,5000,5157.18,1,
77,100,5000,500,100,150,150,1,0,0,0,,,8.34602,0.943842,0.641463,0.0141444,12.2858,0.483601,1.06296,1.15769,11.5298,1.43043,0.114842,0.60096,60.4557,2.8001,3.84241,1.3474,5022.84,4604.32,395.676,22.8394,,0,0,,0,0,0.920865,,,,,108.346,162.286,161.53,160.456,5000,5022.84,1,
78,100,5000,500,100,150,150,1,0,0,0,,,3.11468,0.446234,0.221692,0.614048,2.19684,1.14931,1.13801,1.37921,0.905594,0.748913,1.27559,0.375608,389.458,12.0744,1.30416,1.637,4674.1,4750.82,249.18,0,,0,0,,0,0,0.950164,,,,,103.115,152.197,150.906,489.458,5000,4674.1,1,
79,100,5000,500,100,150,150,1,0,0,0,,,12.6906,1.11173,0.911343,0.181738,0,0,0,0,0.596603,0.601251,1.32481,1.27138,236.533,3.743,6.19174,2.97307,5146.5,4581.32,418.676,146.496,,0,0,,0,0,0.916265,,,,,112.691,149.359,150.597,336.533,5000,5146.5,1,
80,100,5000,500,100,150,150,1,0,0,0,,,2.13943,1.00037,0.631678,0.742767,7.98772,0.405699,1.17367,0.470086,0.686981,0.780699,0.780667,0.689682,407.221,4.96287,5.47282,9.36052,4684.65,4830.96,169.042,0,,0,0,,0,0,0.966192,,,,,102.139,157.988,150.687,507.221,5000,4684.65,1,
81,100,5000,500,100,150,150,1,0,0,0,,,3.77446,0.805265,0.676787,0.0378175,5.20439,0.0479679,0.543787,0.378495,8.91483,0.195758,0.411373,1.47549,151.148,3.50152,3.25988,7.4676,5248.99,4719.81,280.19,248.994,,0,0,,0,0,0.943962,,,,,103.774,155.204,158.915,251.148,5000,5248.99,1,
82,125,6250,625,125,187.5,187.5,1.25,0,0,0,,,0,0,0,0,0,0,0,0,0,0,0,0,242.853,6.23538,9.41527,1.15431,4639.86,4591.16,408.836,0,,1,0,,0,1,0.918233,,,,,102.225,153.506,156.606,367.853,5000,4639.86,1,
83,125,6250,625,125,187.5,187.5,1.25,0,0,0,,,0,0,0,0,0,0,0,0,0,0,0,0,392.031,15.1111,11.9065,1.74819,4834.02,4724.74,275.259,0,,0,1,,0,1,0.944948,,,,,108.461,162.922,157.76,517.031,5000,4834.02,1,
84,100,5000,500,100,150,150,1,0,0,0,,,23.5719,0.29196,0.272723,0.64978,24.828,0.645009,1.59524,0.6138,9.50806,0.478785,0.139956,1.16711,271.494,4.58879,3.52449,6.28247,5116.77,4818.84,181.159,116.771,,0,0,,0,0,0.963768,,,,,123.572,174.828,159.508,371.494,5000,5116.77,1,
85,100,5000,500,100,150,150,1,0,0,0,,,4.49812,0.53956,0.579685,0.667548,1.10236,1.45574,1.30353,0.342671,6.36459,0.104375,0.0738948,1.35091,169.194,3.31966,3.45779,7.59779,5031.47,4761.35,238.654,31.4712,,0,0,,0,0,0.952269,,,,,104.498,151.102,156.365,269.194,5000,5031.47,1,
86,100,5000,500,100,150,150,1,0,0,0,,,3.09298,0.894845,0.834709,0.994682,0.969299,0.0426808,1.15345,1.31256,7.95183,0.645769,0.967617,0.222864,226.64,2.85075,4.04168,1.875,4911.03,4935.22,64.7831,0,,0,0,,0,0,0.987043,,,,,103.093,150.969,157.952,326.64,5000,4911.03,1,
87,100,5000,500,100,150,150,1,0,0,0,,,0.814964,0.65418,0.636963,0.397935,3.39545,0.269248,0.122294,0.867674,2.02692,1.05322,0.130884,0.356163,58.5458,1.27545,1.18446,1.30249,5173.87,4854.31,145.688,173.871,,0,0,,0,0,0.970862,,,,,100.815,153.395,152.027,158.546,5000,5173.87,1,
88,100,5000,500,100,150,150,1,0,0,0,,,0.908836,0.726242,0.429092,0.374574,0.710312,1.26953,1.47929,1.07206,0.521484,1.34211,0.440678,1.28142,143.548,0.575161,0.286346,6.32451,4745.22,4813.4,186.6,0,,0,0,,0,0,0.96268,,,,,100.909,150.71,150.521,243.548,5000,4745.22,1,
89,100,5000,500,100,150,150,1,0,0,0,,,1.65688,0.379033,0.872121,0.204441,0,0,0,0,5.16869,1.43412,0.158444,0.163941,182.142,7.4123,0.207554,4.61391,4959.09,4974.67,25.3266,0,,0,0,,0,0,0.994935,,,,,101.657,147.632,155.169,282.142,5000,4959.09,1,
90,100,5000,500,100,150,150,1,0,0,0,,,7.39082,0.692316,0.0778729,0.640346,0,0,0,0,3.72952,0.481307,0.512585,0.0951186,13.4612,3.26204,3.16483,2.68966,5163.64,4506.93,493.073,163.641,,0,0,,0,0,0.901385,,,,,107.391,148.377,153.73,113.461,5000,5163.64,1,
91,100,5000,500,100,150,150,1,0,0,0,,,2.33282,0.356708,1.0218,0.933895,2.74715,0.916924,0.898842,0.474982,1.67853,0.739777,0.855659,0.160768,484.692,7.04424,0.373297,16.378,4367.87,4756.58,243.422,0,,0,0,,0,0,0.951316,,,,,102.333,152.747,151.679,584.692,5000,4367.87,1,
92,150,7500,750,150,225,225,1.5,0,1,0,,,0,0,0,0,0,0,0,0,0,0,0,0,171.196,8.72343,0.72465,1.24872,5248.03,4526.66,473.34,0,,0,0,,1,0,0.905332,,,,,106.389,149.295,166.542,321.196,5000,5248.03,1,
93,150,7500,750,150,225,225,1.5,0,0,1,,,0,0,0,0,0,0,0,0,0,0,0,0,462.643,11.9472,5.1635,1.11861,4697.86,4786.74,213.262,0,,0,0,,1,0,0.957348,,,,,115.112,150.02,167.791,612.643,5000,4697.86,1,
94,100,5000,500,100,150,150,1,0,0,0,,,27.0592,0.516964,0.0172125,0.86606,5.18307,1.14058,1.17503,1.29005,18.9097,0.355215,1.08392,0.145851,245.033,4.22854,0.0838193,9.45866,5249.38,4615.02,384.985,249.381,,0,0,,0,0,0.923003,,,,,127.059,155.183,168.91,345.033,5000,5249.38,1,
95,100,5000,500,100,150,150,1,0,0,0,,,4.3241,0.280098,0.00569275,0.163028,0,0,0,0,9.06592,0.313326,1.37955,0.0471845,373.516,2.06562,5.70895,1.76541,4661.82,4837.07,162.932,0,,0,0,,0,0,0.967414,,,,,104.324,148.079,159.066,473.516,5000,4661.82,1,
96,100,5000,500,100,150,150,1,0,0,0,,,1.93013,0.225892,0.38952,0.134701,5.44763,0.827205,1.05886,1.22448,0.0310516,1.49166,0.161502,0.382161,153.602,3.29934,0.594809,3.43141,5223.97,4967.58,32.4202,223.974,,0,0,,0,0,0.993516,,,,,101.93,155.448,150.031,253.602,5000,5223.97,1,
97,100,5000,500,100,150,150,1,0,0,0,,,4.86809,0.375716,0.450607,0.38043,0,0,0,0,2.84448,0.262134,0.859635,0.950368,26.8359,0.186709,2.14929,2.97209,4904.62,4687.17,312.834,0,,0,0,,0,0,0.937433,,,,,104.868,147.872,152.844,126.836,5000,4904.62,1,
98,100,5000,500,100,150,150,1,0,0,0,,,0,0,0,0,1.2563,1.218,1.08746,0.023516,1.35057,1.13894,0.645382,0.803529,308.857,0.290566,6.87986,10.9686,4721.71,4921.81,78.187,0,,0,0,,0,0,0.984363,,,,,99.2421,151.256,151.351,408.857,5000,4721.71,1,
99,100,5000,500,100,150,150,1,0,0,0,,,1.8896,0.659897,0.944331,0.181883,5.19627,0.358399,1.29713,0.382402,9.46826,0.322957,0.946915,0.828149,60.875,2.78209,3.70929,1.68044,5233.28,4730.54,269.456,233.277,,0,0,,0,0,0.946109,,,,,101.89,155.196,159.468,160.875,5000,5233.28,1,
100,150,7500,750,150,225,225,1.5,0,1,0,,,0,0,0,0,0,0,0,0,0,0,0,0,212.677,9.62038,8.96024,10.3737,4574.7,4865.75,134.25,0,,0,0,,1,0,0.97315,,,,,101.677,153.278,151.824,362.677,5000,4574.7,1,
